"","fips","unemp"
"1","01001",5.3
"2","01003",5.4
"3","01005",8.6
"4","01007",6.6
"5","01009",5.5
"6","01011",7.2
"7","01013",7.1
"8","01015",6.7
"9","01017",5.5
"10","01019",5.2
"11","01021",5.6
"12","01023",8.9
"13","01025",11.1
"14","01027",6.2
"15","01029",6.1
"16","01031",6.1
"17","01033",7
"18","01035",8.6
"19","01037",6.1
"20","01039",7
"21","01041",6
"22","01043",5.1
"23","01045",5.9
"24","01047",9.4
"25","01049",6.2
"26","01051",4.9
"27","01053",6.7
"28","01055",6
"29","01057",7
"30","01059",6.1
"31","01061",5.9
"32","01063",10.1
"33","01065",7.8
"34","01067",6.6
"35","01069",5.9
"36","01071",6.4
"37","01073",5.9
"38","01075",5.7
"39","01077",6.4
"40","01079",7
"41","01081",5.3
"42","01083",5.3
"43","01085",10.8
"44","01087",7.7
"45","01089",5.2
"46","01091",7.4
"47","01093",6.7
"48","01095",5.5
"49","01097",6.9
"50","01099",9.4
"51","01101",5.9
"52","01103",5.6
"53","01105",10.6
"54","01107",6.9
"55","01109",6.4
"56","01111",5.7
"57","01113",5.6
"58","01115",5.3
"59","01117",4.4
"60","01119",7.8
"61","01121",6.8
"62","01123",5.6
"63","01125",5.8
"64","01127",7.6
"65","01129",8.7
"66","01131",14.7
"67","01133",7.3
"68","02013",2.7
"69","02016",3.3
"70","02020",5.3
"71","02050",14.1
"72","02060",6.9
"73","02068",8.6
"74","02070",9.7
"75","02090",5.7
"76","02100",9.8
"77","02105",11.5
"78","02110",4.4
"79","02122",8.2
"80","02130",6.2
"81","02150",5
"82","02158",21.3
"83","02164",12.3
"84","02170",8.1
"85","02180",12.5
"86","02185",6.5
"87","02188",15.7
"88","02195",8.6
"89","02198",11.7
"90","02220",4.3
"91","02230",10.6
"92","02240",10.2
"93","02261",8.2
"94","02275",7.3
"95","02282",8.1
"96","02290",17.2
"97","04001",11.3
"98","04003",6.1
"99","04005",5.9
"100","04007",7.2
"101","04009",6.7
"102","04011",7.6
"103","04012",6
"104","04013",4.5
"105","04015",6.6
"106","04017",8.1
"107","04019",4.9
"108","04021",5.5
"109","04023",9.9
"110","04025",4.9
"111","04027",18.6
"112","05001",3.5
"113","05003",6.3
"114","05005",4.3
"115","05007",2.9
"116","05009",3.7
"117","05011",5.2
"118","05013",4.7
"119","05015",3.6
"120","05017",6.6
"121","05019",4.5
"122","05021",5.7
"123","05023",6
"124","05025",4.6
"125","05027",5.8
"126","05029",5.8
"127","05031",3.3
"128","05033",3.9
"129","05035",4.6
"130","05037",4.5
"131","05039",5
"132","05041",5.5
"133","05043",5.8
"134","05045",3.8
"135","05047",4.1
"136","05049",4.4
"137","05051",4.3
"138","05053",3.6
"139","05055",4.3
"140","05057",3.8
"141","05059",4
"142","05061",3.3
"143","05063",5
"144","05065",5.6
"145","05067",6.2
"146","05069",5.6
"147","05071",4.8
"148","05073",5.9
"149","05075",4.4
"150","05077",4.8
"151","05079",4.9
"152","05081",4.7
"153","05083",4.6
"154","05085",3.4
"155","05087",3.2
"156","05089",4
"157","05091",4.2
"158","05093",6.8
"159","05095",4.9
"160","05097",5.3
"161","05099",3.7
"162","05101",3.9
"163","05103",5.1
"164","05105",4.8
"165","05107",5.9
"166","05109",4.3
"167","05111",4.3
"168","05113",4.9
"169","05115",4.6
"170","05117",3.9
"171","05119",3.6
"172","05121",4.7
"173","05123",5.2
"174","05125",3.2
"175","05127",3.8
"176","05129",4.5
"177","05131",3.7
"178","05133",5
"179","05135",5.5
"180","05137",5.2
"181","05139",5.5
"182","05141",7
"183","05143",2.7
"184","05145",5.2
"185","05147",5.5
"186","05149",4.5
"187","06001",4.2
"188","06003",6.5
"189","06005",5.9
"190","06007",6.5
"191","06009",5.6
"192","06011",15.5
"193","06013",4.4
"194","06015",7.5
"195","06017",5.1
"196","06019",9.4
"197","06021",8.2
"198","06023",4.9
"199","06025",23.5
"200","06027",5.2
"201","06029",10.3
"202","06031",10
"203","06033",6.6
"204","06035",6.9
"205","06037",5.2
"206","06039",9.2
"207","06041",3.2
"208","06043",6.9
"209","06045",5.2
"210","06047",10.5
"211","06049",7.8
"212","06051",5.3
"213","06053",7.6
"214","06055",4.3
"215","06057",4.7
"216","06059",4
"217","06061",4.4
"218","06063",9.6
"219","06065",6.1
"220","06067",5.4
"221","06069",6.8
"222","06071",5.7
"223","06073",4.7
"224","06075",3.3
"225","06077",8.1
"226","06079",4.3
"227","06081",3
"228","06083",5
"229","06085",3.8
"230","06087",6.9
"231","06089",6.9
"232","06091",7.6
"233","06093",8.5
"234","06095",5.5
"235","06097",4
"236","06099",8.5
"237","06101",9.6
"238","06103",7.1
"239","06105",7.1
"240","06107",11
"241","06109",6.2
"242","06111",5.2
"243","06113",5.8
"244","06115",8.5
"245","08001",3.6
"246","08003",4.1
"247","08005",3.1
"248","08007",3.3
"249","08009",1.7
"250","08011",3.1
"251","08013",2.7
"252","08014",2.9
"253","08015",2.7
"254","08017",2.3
"255","08019",3.2
"256","08021",4.9
"257","08023",4.9
"258","08025",3.6
"259","08027",3.2
"260","08029",5
"261","08031",3.1
"262","08033",4
"263","08035",2.7
"264","08037",2.8
"265","08039",2.7
"266","08041",3.8
"267","08043",5.3
"268","08045",3.6
"269","08047",2.4
"270","08049",2.7
"271","08051",2.3
"272","08053",2.3
"273","08055",6.4
"274","08057",2.7
"275","08059",3
"276","08061",2.1
"277","08063",2.1
"278","08065",2.9
"279","08067",2.9
"280","08069",2.8
"281","08071",5.2
"282","08073",2.6
"283","08075",3
"284","08077",5.4
"285","08079",2.2
"286","08081",4
"287","08083",5
"288","08085",4.2
"289","08087",3.5
"290","08089",4.8
"291","08091",3.8
"292","08093",2.8
"293","08095",2
"294","08097",3.4
"295","08099",3.3
"296","08101",4.9
"297","08103",5.1
"298","08105",5.1
"299","08107",2.7
"300","08109",4.9
"301","08111",3.8
"302","08113",3.3
"303","08115",2.4
"304","08117",2.1
"305","08119",3.8
"306","08121",2.2
"307","08123",3.4
"308","08125",2.2
"309","09001",4.8
"310","09003",5.3
"311","09005",4.6
"312","09007",4.4
"313","09009",5.5
"314","09011",5
"315","09013",4.4
"316","09015",5.5
"317","10001",4.7
"318","10003",4.3
"319","10005",4.4
"320","11001",6
"321","12001",4.3
"322","12003",4.9
"323","12005",4.9
"324","12007",4.3
"325","12009",5.2
"326","12011",4.6
"327","12013",5.7
"328","12015",5.3
"329","12017",6.8
"330","12019",4.5
"331","12021",4.8
"332","12023",4.8
"333","12027",5.2
"334","12029",5.5
"335","12031",5
"336","12033",4.9
"337","12035",5.5
"338","12037",4.3
"339","12039",6.3
"340","12041",5.1
"341","12043",6.2
"342","12045",4.5
"343","12047",5.6
"344","12049",6.7
"345","12051",9.1
"346","12053",6.1
"347","12055",6.6
"348","12057",4.5
"349","12059",5.4
"350","12061",6.2
"351","12063",5.3
"352","12065",5.3
"353","12067",4.1
"354","12069",4.9
"355","12071",4.6
"356","12073",4.6
"357","12075",5.2
"358","12077",5.3
"359","12079",5.3
"360","12081",4.6
"361","12083",5.8
"362","12085",4.9
"363","12086",5.4
"364","12087",3.2
"365","12089",4.6
"366","12091",4
"367","12093",5.4
"368","12095",4.4
"369","12097",5
"370","12099",4.8
"371","12101",5.2
"372","12103",4.4
"373","12105",5.6
"374","12107",6.3
"375","12109",3.7
"376","12111",5.7
"377","12113",4.5
"378","12115",4.6
"379","12117",4.3
"380","12119",7
"381","12121",4.9
"382","12123",5.5
"383","12125",4.4
"384","12127",5.1
"385","12129",4.1
"386","12131",4.3
"387","12133",5.2
"388","13001",6.4
"389","13003",5.2
"390","13005",5.3
"391","13007",7.7
"392","13009",6.8
"393","13011",4.9
"394","13013",4.7
"395","13015",5.1
"396","13017",8.1
"397","13019",6.2
"398","13021",6
"399","13023",7.2
"400","13025",6.7
"401","13027",5.2
"402","13029",4.9
"403","13031",5.7
"404","13033",7.6
"405","13035",5.6
"406","13037",5.8
"407","13039",5.7
"408","13043",4.9
"409","13045",6
"410","13047",4.8
"411","13049",5.8
"412","13051",5.2
"413","13053",8.4
"414","13055",6.2
"415","13057",4.2
"416","13059",5.6
"417","13061",10.5
"418","13063",6.6
"419","13065",6.2
"420","13067",4.6
"421","13069",5.9
"422","13071",5.3
"423","13073",4.7
"424","13075",5.4
"425","13077",5
"426","13079",5.9
"427","13081",6.1
"428","13083",5.1
"429","13085",4.7
"430","13087",6.7
"431","13089",5.4
"432","13091",7.4
"433","13093",5.8
"434","13095",6.9
"435","13097",5.5
"436","13099",7
"437","13101",4.3
"438","13103",4.9
"439","13105",6.5
"440","13107",7.8
"441","13109",5
"442","13111",5.3
"443","13113",4.7
"444","13115",6
"445","13117",4.2
"446","13119",5.3
"447","13121",5.4
"448","13123",5.6
"449","13125",6.1
"450","13127",5.3
"451","13129",5.7
"452","13131",5.5
"453","13133",5.8
"454","13135",4.7
"455","13137",5.3
"456","13139",4.5
"457","13141",8.4
"458","13143",5.8
"459","13145",5
"460","13147",5.5
"461","13149",5.9
"462","13151",5.5
"463","13153",5.4
"464","13155",7.7
"465","13157",4.2
"466","13159",4.8
"467","13161",6.3
"468","13163",7.5
"469","13165",7.6
"470","13167",6.2
"471","13169",4.9
"472","13171",6.5
"473","13173",5.7
"474","13175",6.7
"475","13177",4.8
"476","13179",5.8
"477","13181",5.9
"478","13183",5.5
"479","13185",5.2
"480","13187",4.9
"481","13189",7.2
"482","13191",5.8
"483","13193",8.3
"484","13195",5
"485","13197",7.4
"486","13199",6.8
"487","13201",5.5
"488","13205",6.6
"489","13207",5.2
"490","13209",7.6
"491","13211",5
"492","13213",6.9
"493","13215",6.9
"494","13217",6
"495","13219",4.1
"496","13221",4.9
"497","13223",4.6
"498","13225",6.9
"499","13227",4.9
"500","13229",5.4
"501","13231",5.2
"502","13233",6.1
"503","13235",5.9
"504","13237",7
"505","13239",7.4
"506","13241",5.9
"507","13243",8.5
"508","13245",6.7
"509","13247",5.7
"510","13249",6.4
"511","13251",7.6
"512","13253",7.9
"513","13255",6.8
"514","13257",5.9
"515","13259",6.6
"516","13261",7.7
"517","13263",6.7
"518","13265",6.5
"519","13267",5.4
"520","13269",7.2
"521","13271",8.6
"522","13273",6.6
"523","13275",6.4
"524","13277",5.5
"525","13279",7.8
"526","13281",6.7
"527","13283",7.8
"528","13285",5.1
"529","13287",6.6
"530","13289",8.7
"531","13291",4.7
"532","13293",6.5
"533","13295",5.6
"534","13297",4.9
"535","13299",5.5
"536","13301",7
"537","13303",6.4
"538","13305",6.7
"539","13307",8.8
"540","13309",9.1
"541","13311",4.6
"542","13313",5.9
"543","13315",7
"544","13317",6.3
"545","13319",6.3
"546","13321",5.9
"547","15001",3.8
"548","15003",2.8
"549","15007",3.3
"550","15009",3.2
"551","16001",3.3
"552","16003",7.1
"553","16005",3.5
"554","16007",4.6
"555","16009",6.2
"556","16011",3.6
"557","16013",3.2
"558","16015",5.5
"559","16017",5.5
"560","16019",3.2
"561","16021",5.3
"562","16023",4.1
"563","16025",3.8
"564","16027",4.4
"565","16029",3.7
"566","16031",3
"567","16033",3.5
"568","16035",7.5
"569","16037",5.2
"570","16039",4.2
"571","16041",3.1
"572","16043",3.4
"573","16045",4.7
"574","16047",3.1
"575","16049",5.7
"576","16051",3.1
"577","16053",3.1
"578","16055",4.8
"579","16057",3.3
"580","16059",6.3
"581","16061",6.5
"582","16063",4.5
"583","16065",2.5
"584","16067",3.3
"585","16069",3.4
"586","16071",3.7
"587","16073",4.5
"588","16075",4.7
"589","16077",4.2
"590","16079",7.3
"591","16081",3.2
"592","16083",3.4
"593","16085",5.6
"594","16087",5.7
"595","17001",4.8
"596","17003",9.2
"597","17005",5.1
"598","17007",6.3
"599","17009",3.4
"600","17011",6.1
"601","17013",6.3
"602","17015",5.7
"603","17017",5.6
"604","17019",5.1
"605","17021",6.3
"606","17023",5.9
"607","17025",6.8
"608","17027",4.5
"609","17029",5.9
"610","17031",6.2
"611","17033",6.2
"612","17035",5.2
"613","17037",5.4
"614","17039",5.7
"615","17041",4.7
"616","17043",4.8
"617","17045",6
"618","17047",5.8
"619","17049",4.7
"620","17051",6.7
"621","17053",5.5
"622","17055",8.1
"623","17057",7.4
"624","17059",7.6
"625","17061",5.9
"626","17063",6.8
"627","17065",6.3
"628","17067",6.6
"629","17069",9.8
"630","17071",6.2
"631","17073",6.1
"632","17075",5.5
"633","17077",5.4
"634","17079",6.3
"635","17081",6.5
"636","17083",5.8
"637","17085",5.4
"638","17087",8.6
"639","17089",5.5
"640","17091",6.4
"641","17093",5.2
"642","17095",6.1
"643","17097",5.2
"644","17099",6.7
"645","17101",7.5
"646","17103",5.1
"647","17105",5.5
"648","17107",5.3
"649","17109",6.3
"650","17111",5.3
"651","17113",5.1
"652","17115",6.6
"653","17117",6
"654","17119",5.9
"655","17121",6.4
"656","17123",6.6
"657","17125",7.1
"658","17127",7
"659","17129",4.6
"660","17131",6.2
"661","17133",4.1
"662","17135",7.1
"663","17137",4.9
"664","17139",4.6
"665","17141",5.9
"666","17143",6.8
"667","17145",7.1
"668","17147",5
"669","17149",5.1
"670","17151",7
"671","17153",8.8
"672","17155",5.6
"673","17157",5
"674","17159",6
"675","17161",6.3
"676","17163",6.1
"677","17165",8.6
"678","17167",4.9
"679","17169",5.8
"680","17171",5.6
"681","17173",5.8
"682","17175",7.2
"683","17177",5.8
"684","17179",6.3
"685","17181",7.4
"686","17183",7.2
"687","17185",6.4
"688","17187",5.3
"689","17189",3.8
"690","17191",8.6
"691","17193",6.6
"692","17195",5.8
"693","17197",6.1
"694","17199",6.2
"695","17201",6.6
"696","17203",5.4
"697","18001",3.6
"698","18003",4.3
"699","18005",3.4
"700","18007",4.2
"701","18009",5.4
"702","18011",3.4
"703","18013",4
"704","18015",4.2
"705","18017",4.7
"706","18019",4.1
"707","18021",4.7
"708","18023",3.9
"709","18025",5.6
"710","18027",3.6
"711","18029",4.7
"712","18031",3.6
"713","18033",3.9
"714","18035",5.2
"715","18037",3.1
"716","18039",3.5
"717","18041",5.8
"718","18043",4.1
"719","18045",5.8
"720","18047",4.3
"721","18049",4.7
"722","18051",3.7
"723","18053",5
"724","18055",6.6
"725","18057",3.2
"726","18059",3.8
"727","18061",4.2
"728","18063",3.5
"729","18065",4.6
"730","18067",4.7
"731","18069",4.1
"732","18071",3.7
"733","18073",5.3
"734","18075",4.6
"735","18077",4.7
"736","18079",4.8
"737","18081",3.6
"738","18083",4.4
"739","18085",3.7
"740","18087",3.4
"741","18089",6.3
"742","18091",5.9
"743","18093",5.7
"744","18095",5
"745","18097",4.4
"746","18099",3.8
"747","18101",4.2
"748","18103",4.7
"749","18105",4.6
"750","18107",3.9
"751","18109",4.2
"752","18111",5.6
"753","18113",4.1
"754","18115",4.9
"755","18117",5.1
"756","18119",5.5
"757","18121",5.3
"758","18123",4.6
"759","18125",4.4
"760","18127",5.1
"761","18129",4
"762","18131",4.6
"763","18133",4.5
"764","18135",4.5
"765","18137",4.6
"766","18139",3.8
"767","18141",4.5
"768","18143",4.8
"769","18145",4
"770","18147",4.1
"771","18149",5.4
"772","18151",3.7
"773","18153",5.9
"774","18155",4.9
"775","18157",4
"776","18159",3.9
"777","18161",4
"778","18163",4.1
"779","18165",6.6
"780","18167",5.4
"781","18169",4.3
"782","18171",4.9
"783","18173",4.1
"784","18175",4.5
"785","18177",4.8
"786","18179",3.6
"787","18181",4
"788","18183",3.9
"789","19001",3
"790","19003",2.7
"791","19005",5
"792","19007",4.8
"793","19009",3.3
"794","19011",3.6
"795","19013",4.7
"796","19015",2.8
"797","19017",3.7
"798","19019",4.2
"799","19021",3.6
"800","19023",4.4
"801","19025",3.9
"802","19027",2.6
"803","19029",3.3
"804","19031",3.4
"805","19033",3.7
"806","19035",3.7
"807","19037",4.5
"808","19039",3.4
"809","19041",3.9
"810","19043",4.3
"811","19045",5
"812","19047",5.6
"813","19049",2.7
"814","19051",4.3
"815","19053",3.3
"816","19055",3.5
"817","19057",5
"818","19059",4.4
"819","19061",3.6
"820","19063",4.3
"821","19065",4.5
"822","19067",3.7
"823","19069",3.5
"824","19071",3.3
"825","19073",3.2
"826","19075",3.5
"827","19077",3.6
"828","19079",3.8
"829","19081",2.7
"830","19083",4
"831","19085",3.4
"832","19087",3.6
"833","19089",3.7
"834","19091",2.9
"835","19093",2.6
"836","19095",3.1
"837","19097",4.2
"838","19099",3.6
"839","19101",3.7
"840","19103",2.6
"841","19105",4.3
"842","19107",4.4
"843","19109",2.7
"844","19111",6.2
"845","19113",3.7
"846","19115",4
"847","19117",3.2
"848","19119",2.1
"849","19121",3.6
"850","19123",3.8
"851","19125",3.1
"852","19127",4.9
"853","19129",3.7
"854","19131",2.7
"855","19133",4.2
"856","19135",4.7
"857","19137",3.6
"858","19139",3.9
"859","19141",2.8
"860","19143",2.7
"861","19145",5.1
"862","19147",3.2
"863","19149",2.6
"864","19151",2.9
"865","19153",3.5
"866","19155",3.4
"867","19157",3.5
"868","19159",3.5
"869","19161",3.1
"870","19163",4.6
"871","19165",3
"872","19167",2.3
"873","19169",2.4
"874","19171",4.2
"875","19173",3
"876","19175",3.8
"877","19177",3.7
"878","19179",5.9
"879","19181",3.2
"880","19183",3
"881","19185",3.9
"882","19187",4
"883","19189",3.5
"884","19191",3.6
"885","19193",3.6
"886","19195",3.5
"887","19197",4.2
"888","20001",5.9
"889","20003",4.5
"890","20005",6.4
"891","20007",4.1
"892","20009",4.7
"893","20011",5.1
"894","20013",3.9
"895","20015",4.3
"896","20017",3.7
"897","20019",5.5
"898","20021",4.6
"899","20023",2.9
"900","20025",2.9
"901","20027",4.5
"902","20029",4.5
"903","20031",6.3
"904","20033",3.4
"905","20035",4.6
"906","20037",5
"907","20039",4.2
"908","20041",4.6
"909","20043",4.1
"910","20045",3.6
"911","20047",3.1
"912","20049",5.3
"913","20051",3.2
"914","20053",4.2
"915","20055",3.2
"916","20057",3.3
"917","20059",4.3
"918","20061",5.8
"919","20063",2.6
"920","20065",5
"921","20067",3.8
"922","20069",2.3
"923","20071",2.3
"924","20073",5.2
"925","20075",2.7
"926","20077",3.9
"927","20079",4.4
"928","20081",2.7
"929","20083",2.9
"930","20085",3.6
"931","20087",4.1
"932","20089",4.7
"933","20091",3.3
"934","20093",3.3
"935","20095",4.7
"936","20097",2.9
"937","20099",5.7
"938","20101",3.4
"939","20103",4.4
"940","20105",3.8
"941","20107",6.7
"942","20109",2.8
"943","20111",4.2
"944","20113",3.3
"945","20115",4.3
"946","20117",3.2
"947","20119",2.9
"948","20121",4.3
"949","20123",3.6
"950","20125",6.4
"951","20127",4.1
"952","20129",4.1
"953","20131",2.8
"954","20133",7.5
"955","20135",3.8
"956","20137",2.6
"957","20139",4.6
"958","20141",3.7
"959","20143",4
"960","20145",3.6
"961","20147",3.2
"962","20149",3.5
"963","20151",4.3
"964","20153",2.6
"965","20155",4.6
"966","20157",2.9
"967","20159",4.2
"968","20161",3.3
"969","20163",5.2
"970","20165",4.2
"971","20167",4.5
"972","20169",3.8
"973","20171",2.6
"974","20173",4.8
"975","20175",4.6
"976","20177",4.1
"977","20179",2.6
"978","20181",3.5
"979","20183",3.5
"980","20185",4.1
"981","20187",3.1
"982","20189",4.4
"983","20191",4.4
"984","20193",2.9
"985","20195",4.2
"986","20197",3.8
"987","20199",2.9
"988","20201",3.5
"989","20203",2.5
"990","20205",6.4
"991","20207",6.2
"992","20209",5.7
"993","21001",6.6
"994","21003",4.2
"995","21005",4
"996","21007",8.6
"997","21009",4.6
"998","21011",7.2
"999","21013",9
"1000","21015",3.8
"1001","21017",4.7
"1002","21019",8.1
"1003","21021",4.9
"1004","21023",6
"1005","21025",9.4
"1006","21027",6
"1007","21029",4.1
"1008","21031",5.3
"1009","21033",5.3
"1010","21035",4.5
"1011","21037",3.8
"1012","21039",5.9
"1013","21041",5
"1014","21043",10.2
"1015","21045",4.6
"1016","21047",6
"1017","21049",4.7
"1018","21051",9.6
"1019","21053",7.3
"1020","21055",5
"1021","21057",5.5
"1022","21059",4.5
"1023","21061",6.1
"1024","21063",10.9
"1025","21065",5.7
"1026","21067",3.5
"1027","21069",5.9
"1028","21071",10.9
"1029","21073",4
"1030","21075",6.8
"1031","21077",4.8
"1032","21079",4.7
"1033","21081",4.9
"1034","21083",6
"1035","21085",6.4
"1036","21087",4.4
"1037","21089",8.6
"1038","21091",5.4
"1039","21093",4.4
"1040","21095",12.1
"1041","21097",4.6
"1042","21099",4.6
"1043","21101",4.7
"1044","21103",4.1
"1045","21105",5.6
"1046","21107",5.5
"1047","21109",7.5
"1048","21111",4.4
"1049","21113",3.8
"1050","21115",9.6
"1051","21117",4.1
"1052","21119",11.2
"1053","21121",7.9
"1054","21123",4.5
"1055","21125",6.1
"1056","21127",10.4
"1057","21129",9.2
"1058","21131",13
"1059","21133",11.9
"1060","21135",9.2
"1061","21137",6
"1062","21139",7
"1063","21141",4.2
"1064","21143",5.6
"1065","21145",5.7
"1066","21147",7.7
"1067","21149",4.8
"1068","21151",4.1
"1069","21153",18.8
"1070","21155",4.1
"1071","21157",5.6
"1072","21159",10.1
"1073","21161",6.1
"1074","21163",5
"1075","21165",8.4
"1076","21167",4.7
"1077","21169",4.5
"1078","21171",4
"1079","21173",6.3
"1080","21175",7.8
"1081","21177",7
"1082","21179",4.5
"1083","21181",5.4
"1084","21183",6.5
"1085","21185",3.4
"1086","21187",4.1
"1087","21189",9.4
"1088","21191",4.8
"1089","21193",10.5
"1090","21195",10.8
"1091","21197",7
"1092","21199",5.3
"1093","21201",5.9
"1094","21203",5.9
"1095","21205",5.5
"1096","21207",8.3
"1097","21209",3.7
"1098","21211",3.5
"1099","21213",4.4
"1100","21215",3.8
"1101","21217",5.1
"1102","21219",4.2
"1103","21221",5.6
"1104","21223",5.3
"1105","21225",6.7
"1106","21227",3.9
"1107","21229",4.1
"1108","21231",7.3
"1109","21233",5.9
"1110","21235",6.5
"1111","21237",9.7
"1112","21239",3.2
"1113","22001",7.4
"1114","22003",6.4
"1115","22005",4.9
"1116","22007",8.5
"1117","22009",7.1
"1118","22011",6
"1119","22013",7.7
"1120","22015",5.4
"1121","22017",6.6
"1122","22019",4.8
"1123","22021",7.6
"1124","22023",4.4
"1125","22025",9.3
"1126","22027",6.7
"1127","22029",8.3
"1128","22031",7.4
"1129","22033",5.1
"1130","22035",11.7
"1131","22037",5.7
"1132","22039",7.4
"1133","22041",9.1
"1134","22043",7
"1135","22045",9.4
"1136","22047",6.8
"1137","22049",5.7
"1138","22051",5.3
"1139","22053",6
"1140","22055",6.2
"1141","22057",6.3
"1142","22059",6.6
"1143","22061",6.5
"1144","22063",5.1
"1145","22065",9
"1146","22067",9.8
"1147","22069",7
"1148","22071",5.9
"1149","22073",6.1
"1150","22075",5.3
"1151","22077",6.5
"1152","22079",6.1
"1153","22081",6.1
"1154","22083",7.4
"1155","22085",6.9
"1156","22087",6.1
"1157","22089",5.3
"1158","22091",7.6
"1159","22093",7.5
"1160","22095",6.8
"1161","22097",8.1
"1162","22099",7.8
"1163","22101",9.4
"1164","22103",5
"1165","22105",6.7
"1166","22107",9.9
"1167","22109",7
"1168","22111",6.5
"1169","22113",7.7
"1170","22115",7.3
"1171","22117",7
"1172","22119",8.6
"1173","22121",5.3
"1174","22123",11.9
"1175","22125",5.1
"1176","22127",7.8
"1177","23001",3.6
"1178","23003",5.7
"1179","23005",2.9
"1180","23007",4.4
"1181","23009",4.7
"1182","23011",3.6
"1183","23013",3.6
"1184","23015",3.8
"1185","23017",4.8
"1186","23019",4.4
"1187","23021",5.4
"1188","23023",3
"1189","23025",5.8
"1190","23027",4.2
"1191","23029",6.2
"1192","23031",3.4
"1193","24001",6.1
"1194","24003",3.7
"1195","24005",4.5
"1196","24009",3.8
"1197","24011",4.7
"1198","24013",3.5
"1199","24015",5.1
"1200","24017",4.2
"1201","24019",6
"1202","24021",3.7
"1203","24023",5.5
"1204","24025",4.1
"1205","24027",3.2
"1206","24029",4.7
"1207","24031",3.3
"1208","24033",4.4
"1209","24035",3.8
"1210","24037",4.1
"1211","24039",7
"1212","24041",4.1
"1213","24043",4.9
"1214","24045",6
"1215","24047",9
"1216","24510",6.3
"1217","25001",4.7
"1218","25003",4.3
"1219","25005",4.7
"1220","25007",5
"1221","25009",3.8
"1222","25011",3.3
"1223","25013",5
"1224","25015",3.3
"1225","25017",3
"1226","25019",4.2
"1227","25021",3.2
"1228","25023",3.9
"1229","25025",3.4
"1230","25027",3.9
"1231","26001",7.4
"1232","26003",8
"1233","26005",3.7
"1234","26007",5.7
"1235","26009",6.8
"1236","26011",8.1
"1237","26013",7.9
"1238","26015",3.8
"1239","26017",5.2
"1240","26019",6.4
"1241","26021",4.8
"1242","26023",4.6
"1243","26025",4.6
"1244","26027",4.6
"1245","26029",5.3
"1246","26031",9
"1247","26033",7.4
"1248","26035",7.2
"1249","26037",3.6
"1250","26039",7.4
"1251","26041",6.3
"1252","26043",5.2
"1253","26045",4
"1254","26047",6.2
"1255","26049",5.4
"1256","26051",6.8
"1257","26053",6.5
"1258","26055",4.1
"1259","26057",5
"1260","26059",4.9
"1261","26061",5.9
"1262","26063",5
"1263","26065",4.1
"1264","26067",4.1
"1265","26069",7.1
"1266","26071",6.5
"1267","26073",4.5
"1268","26075",4.7
"1269","26077",3.9
"1270","26079",6.9
"1271","26081",3.4
"1272","26083",8.4
"1273","26085",7.3
"1274","26087",6.5
"1275","26089",4.7
"1276","26091",4.5
"1277","26093",4.2
"1278","26095",6.5
"1279","26097",9.4
"1280","26099",5.3
"1281","26101",6.3
"1282","26103",5.6
"1283","26105",5.6
"1284","26107",5.4
"1285","26109",5.6
"1286","26111",4.5
"1287","26113",5.7
"1288","26115",4.3
"1289","26117",5
"1290","26119",9.7
"1291","26121",5.2
"1292","26123",4.7
"1293","26125",4.2
"1294","26127",7.1
"1295","26129",7.5
"1296","26131",8.3
"1297","26133",5.5
"1298","26135",7.2
"1299","26137",5.7
"1300","26139",3.2
"1301","26141",9.2
"1302","26143",8.1
"1303","26145",5.1
"1304","26147",6.2
"1305","26149",4
"1306","26151",6
"1307","26153",9.1
"1308","26155",5.1
"1309","26157",6.1
"1310","26159",5.5
"1311","26161",3.4
"1312","26163",6.4
"1313","26165",5.6
"1314","27001",7
"1315","27003",3.8
"1316","27005",4.7
"1317","27007",5.3
"1318","27009",4.5
"1319","27011",4.9
"1320","27013",3.2
"1321","27015",4.1
"1322","27017",5.4
"1323","27019",3.3
"1324","27021",6.7
"1325","27023",4.5
"1326","27025",4.4
"1327","27027",3.5
"1328","27029",9.6
"1329","27031",4.6
"1330","27033",7.3
"1331","27035",5.1
"1332","27037",3.4
"1333","27039",3.8
"1334","27041",3.5
"1335","27043",4.4
"1336","27045",4.1
"1337","27047",3.9
"1338","27049",3.8
"1339","27051",4.7
"1340","27053",3.4
"1341","27055",4
"1342","27057",6.5
"1343","27059",4.7
"1344","27061",8.7
"1345","27063",4.5
"1346","27065",6.6
"1347","27067",3.8
"1348","27069",4.7
"1349","27071",8.5
"1350","27073",4.3
"1351","27075",6.5
"1352","27077",4.7
"1353","27079",4.9
"1354","27081",3.6
"1355","27083",3.6
"1356","27085",4.5
"1357","27087",5.7
"1358","27089",7.4
"1359","27091",4.2
"1360","27093",4.5
"1361","27095",6
"1362","27097",5.7
"1363","27099",3.2
"1364","27101",4.8
"1365","27103",2.8
"1366","27105",3.8
"1367","27107",4.9
"1368","27109",3
"1369","27111",4.4
"1370","27113",5.8
"1371","27115",5.9
"1372","27117",3.9
"1373","27119",4.4
"1374","27121",3.6
"1375","27123",3.6
"1376","27125",7.2
"1377","27127",4.1
"1378","27129",5.3
"1379","27131",3.5
"1380","27133",2.3
"1381","27135",5.1
"1382","27137",5.8
"1383","27139",3.3
"1384","27141",4.1
"1385","27143",4.3
"1386","27145",3.8
"1387","27147",3.6
"1388","27149",3
"1389","27151",5.3
"1390","27153",4.7
"1391","27155",3.7
"1392","27157",3.7
"1393","27159",6
"1394","27161",4.3
"1395","27163",3.4
"1396","27165",5
"1397","27167",3.3
"1398","27169",3.6
"1399","27171",3.9
"1400","27173",3.9
"1401","28001",8.3
"1402","28003",5.2
"1403","28005",7.4
"1404","28007",6.7
"1405","28009",6.7
"1406","28011",7.3
"1407","28013",5.4
"1408","28015",7.5
"1409","28017",6.6
"1410","28019",5.7
"1411","28021",11.4
"1412","28023",6.8
"1413","28025",8.1
"1414","28027",8.8
"1415","28029",6.5
"1416","28031",5.5
"1417","28033",4.2
"1418","28035",5.7
"1419","28037",7.2
"1420","28039",7.4
"1421","28041",7.3
"1422","28043",5.2
"1423","28045",6.1
"1424","28047",5.5
"1425","28049",5.4
"1426","28051",11
"1427","28053",11.4
"1428","28055",14.3
"1429","28057",5
"1430","28059",6.5
"1431","28061",7.7
"1432","28063",14.9
"1433","28065",8.3
"1434","28067",6.1
"1435","28069",8.7
"1436","28071",4.8
"1437","28073",4.5
"1438","28075",5.9
"1439","28077",7.1
"1440","28079",6.1
"1441","28081",4.8
"1442","28083",9.3
"1443","28085",5.7
"1444","28087",6.2
"1445","28089",4.3
"1446","28091",6.6
"1447","28093",6
"1448","28095",6.3
"1449","28097",6.4
"1450","28099",5.8
"1451","28101",6
"1452","28103",8.3
"1453","28105",5.5
"1454","28107",7.4
"1455","28109",6
"1456","28111",7.1
"1457","28113",6.8
"1458","28115",4.8
"1459","28117",5.5
"1460","28119",9.7
"1461","28121",4
"1462","28123",4.6
"1463","28125",8.9
"1464","28127",5.4
"1465","28129",5.3
"1466","28131",6.7
"1467","28133",9.5
"1468","28135",6.8
"1469","28137",5.8
"1470","28139",5.5
"1471","28141",5.5
"1472","28143",7.1
"1473","28145",4.4
"1474","28147",7.7
"1475","28149",6.4
"1476","28151",9
"1477","28153",7.3
"1478","28155",6.3
"1479","28157",10.2
"1480","28159",7.1
"1481","28161",6.2
"1482","28163",7.4
"1483","29001",5.7
"1484","29003",3.8
"1485","29005",4.6
"1486","29007",4.2
"1487","29009",4.5
"1488","29011",5.2
"1489","29013",5.3
"1490","29015",6.1
"1491","29017",5.1
"1492","29019",3.2
"1493","29021",4.1
"1494","29023",5.7
"1495","29025",4.6
"1496","29027",4.1
"1497","29029",5.7
"1498","29031",4.3
"1499","29033",5.4
"1500","29035",7
"1501","29037",4.1
"1502","29039",5
"1503","29041",4.3
"1504","29043",3.9
"1505","29045",7.3
"1506","29047",3.9
"1507","29049",4.2
"1508","29051",3.6
"1509","29053",4.9
"1510","29055",5.3
"1511","29057",4.4
"1512","29059",5.5
"1513","29061",3.8
"1514","29063",4.4
"1515","29065",5.4
"1516","29067",6.1
"1517","29069",8.2
"1518","29071",4.4
"1519","29073",4.3
"1520","29075",3.7
"1521","29077",3.8
"1522","29079",4.6
"1523","29081",4.2
"1524","29083",5
"1525","29085",5.6
"1526","29087",3.3
"1527","29089",4.4
"1528","29091",6.3
"1529","29093",7.1
"1530","29095",5.1
"1531","29097",4.1
"1532","29099",4.3
"1533","29101",4.9
"1534","29103",3.5
"1535","29105",5.5
"1536","29107",4.3
"1537","29109",4.3
"1538","29111",4.5
"1539","29113",4.5
"1540","29115",6.8
"1541","29117",3.9
"1542","29119",4.3
"1543","29121",4.8
"1544","29123",5.5
"1545","29125",5
"1546","29127",4.3
"1547","29129",4.6
"1548","29131",5.2
"1549","29133",6.6
"1550","29135",4.3
"1551","29137",4.8
"1552","29139",4.6
"1553","29141",5.8
"1554","29143",9.3
"1555","29145",4.3
"1556","29147",4.6
"1557","29149",6.1
"1558","29151",3.4
"1559","29153",7.3
"1560","29155",8.9
"1561","29157",3.5
"1562","29159",4.9
"1563","29161",4.7
"1564","29163",4.5
"1565","29165",3.6
"1566","29167",4.8
"1567","29169",5.4
"1568","29171",4.5
"1569","29173",4
"1570","29175",5.2
"1571","29177",4.9
"1572","29179",6.5
"1573","29181",7
"1574","29183",3.5
"1575","29185",6.3
"1576","29186",4.6
"1577","29187",5.5
"1578","29189",4.2
"1579","29195",4.7
"1580","29197",6.3
"1581","29199",4.1
"1582","29201",5.7
"1583","29203",7.4
"1584","29205",4.1
"1585","29207",6.4
"1586","29209",7
"1587","29211",5.8
"1588","29213",7.4
"1589","29215",6.2
"1590","29217",4.8
"1591","29219",4.2
"1592","29221",6.3
"1593","29223",5.4
"1594","29225",4.9
"1595","29227",3
"1596","29229",5.9
"1597","29510",5.4
"1598","30001",3.3
"1599","30003",7.2
"1600","30005",4.6
"1601","30007",4.9
"1602","30009",3.9
"1603","30011",2.9
"1604","30013",4
"1605","30015",3.8
"1606","30017",3.5
"1607","30019",2.6
"1608","30021",3.9
"1609","30023",3.8
"1610","30025",3.6
"1611","30027",3.9
"1612","30029",5.6
"1613","30031",2.8
"1614","30033",2.8
"1615","30035",8.6
"1616","30037",4.4
"1617","30039",5.9
"1618","30041",4.3
"1619","30043",4.6
"1620","30045",3.4
"1621","30047",4.7
"1622","30049",3.3
"1623","30051",3.1
"1624","30053",9
"1625","30055",2
"1626","30057",3.8
"1627","30059",4
"1628","30061",7.6
"1629","30063",3.7
"1630","30065",5.1
"1631","30067",4.3
"1632","30069",4.8
"1633","30071",5.3
"1634","30073",4.2
"1635","30075",2.3
"1636","30077",5
"1637","30079",3.4
"1638","30081",4.8
"1639","30083",5
"1640","30085",5.3
"1641","30087",5.5
"1642","30089",7.8
"1643","30091",3.3
"1644","30093",4.3
"1645","30095",4
"1646","30097",3.1
"1647","30099",3.7
"1648","30101",3.5
"1649","30103",4.5
"1650","30105",3.4
"1651","30107",5.1
"1652","30109",3.8
"1653","30111",3.6
"1654","31001",3.3
"1655","31003",2.7
"1656","31005",6.2
"1657","31007",3.8
"1658","31009",4.5
"1659","31011",2.8
"1660","31013",3.8
"1661","31015",3.2
"1662","31017",3.9
"1663","31019",2.6
"1664","31021",3.8
"1665","31023",3.3
"1666","31025",3.5
"1667","31027",2.7
"1668","31029",2.2
"1669","31031",2.4
"1670","31033",3
"1671","31035",3.3
"1672","31037",3
"1673","31039",3
"1674","31041",2.5
"1675","31043",4.3
"1676","31045",3.1
"1677","31047",3.1
"1678","31049",2.8
"1679","31051",3.5
"1680","31053",3.2
"1681","31055",3.5
"1682","31057",2.3
"1683","31059",2.9
"1684","31061",3.1
"1685","31063",3
"1686","31065",2.9
"1687","31067",3.5
"1688","31069",3.4
"1689","31071",2.8
"1690","31073",2.7
"1691","31075",2.4
"1692","31077",3.3
"1693","31079",3.8
"1694","31081",2.9
"1695","31083",2.6
"1696","31085",2.5
"1697","31087",3.8
"1698","31089",2.6
"1699","31091",3.8
"1700","31093",3.5
"1701","31095",2.5
"1702","31097",3.3
"1703","31099",2.5
"1704","31101",3.1
"1705","31103",2.1
"1706","31105",4.3
"1707","31107",3.2
"1708","31109",2.9
"1709","31111",3.2
"1710","31113",2.9
"1711","31115",3.6
"1712","31117",2.4
"1713","31119",2.9
"1714","31121",3.8
"1715","31123",3.4
"1716","31125",2.8
"1717","31127",3.8
"1718","31129",3.1
"1719","31131",3.5
"1720","31133",2.4
"1721","31135",2.3
"1722","31137",2.6
"1723","31139",2.8
"1724","31141",3.7
"1725","31143",2.8
"1726","31145",3
"1727","31147",3.4
"1728","31149",2.7
"1729","31151",3.2
"1730","31153",3
"1731","31155",3.2
"1732","31157",3.6
"1733","31159",3
"1734","31161",3
"1735","31163",3.3
"1736","31165",2.8
"1737","31167",2.7
"1738","31169",2.6
"1739","31171",3.4
"1740","31173",5
"1741","31175",3
"1742","31177",3.3
"1743","31179",2.8
"1744","31181",3.3
"1745","31183",2.3
"1746","31185",2.8
"1747","32001",5.4
"1748","32003",5.8
"1749","32005",5.6
"1750","32007",4.5
"1751","32009",4.5
"1752","32011",4.6
"1753","32013",5.4
"1754","32015",6.2
"1755","32017",5.1
"1756","32019",7.4
"1757","32021",6.6
"1758","32023",7.3
"1759","32027",5.9
"1760","32029",6.3
"1761","32031",5
"1762","32033",4.6
"1763","32510",6.1
"1764","33001",2.8
"1765","33003",3
"1766","33005",2.7
"1767","33007",3.9
"1768","33009",2.4
"1769","33011",3
"1770","33013",2.5
"1771","33015",3
"1772","33017",2.5
"1773","33019",2.4
"1774","34001",7.4
"1775","34003",4.2
"1776","34005",4.4
"1777","34007",5.5
"1778","34009",9.8
"1779","34011",7.5
"1780","34013",6
"1781","34015",5.1
"1782","34017",4.7
"1783","34019",3.8
"1784","34021",4.3
"1785","34023",4.4
"1786","34025",4.4
"1787","34027",3.9
"1788","34029",5.2
"1789","34031",6.1
"1790","34033",6.3
"1791","34035",4.1
"1792","34037",4.7
"1793","34039",5.2
"1794","34041",4.6
"1795","35001",5.8
"1796","35003",8.2
"1797","35005",6.8
"1798","35006",8.3
"1799","35007",6.1
"1800","35009",5.1
"1801","35011",4.9
"1802","35013",7.2
"1803","35015",6.6
"1804","35017",6.6
"1805","35019",6.5
"1806","35021",7.2
"1807","35023",5.7
"1808","35025",9.5
"1809","35027",6
"1810","35028",4.2
"1811","35029",14.7
"1812","35031",9.5
"1813","35033",8.8
"1814","35035",6
"1815","35037",6.9
"1816","35039",7.5
"1817","35041",5.7
"1818","35043",6.7
"1819","35045",8.9
"1820","35047",7.7
"1821","35049",5.4
"1822","35051",8.5
"1823","35053",7.5
"1824","35055",8.5
"1825","35057",9.1
"1826","35059",4.1
"1827","35061",7.2
"1828","36001",4
"1829","36003",6.2
"1830","36005",7.1
"1831","36007",5.4
"1832","36009",5.9
"1833","36011",5
"1834","36013",5.8
"1835","36015",5.7
"1836","36017",5
"1837","36019",5.3
"1838","36021",3.7
"1839","36023",5.7
"1840","36025",5.5
"1841","36027",4.2
"1842","36029",4.9
"1843","36031",5.3
"1844","36033",5.6
"1845","36035",5.7
"1846","36037",4.6
"1847","36039",5
"1848","36041",6.5
"1849","36043",5.5
"1850","36045",6.2
"1851","36047",5.3
"1852","36049",6.7
"1853","36051",4.9
"1854","36053",5.2
"1855","36055",4.7
"1856","36057",5.7
"1857","36059",3.9
"1858","36061",4.5
"1859","36063",5.8
"1860","36065",4.8
"1861","36067",4.5
"1862","36069",4.3
"1863","36071",4.3
"1864","36073",5.7
"1865","36075",6.4
"1866","36077",4.9
"1867","36079",4
"1868","36081",4.5
"1869","36083",4.3
"1870","36085",5.2
"1871","36087",4.2
"1872","36089",6.6
"1873","36091",3.8
"1874","36093",4.3
"1875","36095",5.4
"1876","36097",6
"1877","36099",4.7
"1878","36101",5.8
"1879","36103",4.3
"1880","36105",4.8
"1881","36107",5.1
"1882","36109",4.1
"1883","36111",4.4
"1884","36113",5.2
"1885","36115",4.6
"1886","36117",4.9
"1887","36119",4.2
"1888","36121",5.3
"1889","36123",4.4
"1890","37001",4.7
"1891","37003",4.3
"1892","37005",5.6
"1893","37007",5.8
"1894","37009",4.8
"1895","37011",5
"1896","37013",5.7
"1897","37015",6.7
"1898","37017",6.9
"1899","37019",6.3
"1900","37021",3.8
"1901","37023",4.9
"1902","37025",4.5
"1903","37027",5.2
"1904","37029",5.2
"1905","37031",5.2
"1906","37033",5.4
"1907","37035",4.7
"1908","37037",4.2
"1909","37039",5.6
"1910","37041",6.4
"1911","37043",5.4
"1912","37045",5.5
"1913","37047",6.4
"1914","37049",5.3
"1915","37051",6.3
"1916","37053",5.2
"1917","37055",6.7
"1918","37057",4.8
"1919","37059",4.5
"1920","37061",5.4
"1921","37063",4.5
"1922","37065",8.6
"1923","37067",4.9
"1924","37069",5.1
"1925","37071",5.3
"1926","37073",5.2
"1927","37075",8.8
"1928","37077",4.3
"1929","37079",5.2
"1930","37081",5.2
"1931","37083",8
"1932","37085",5.7
"1933","37087",4.6
"1934","37089",4.2
"1935","37091",6.5
"1936","37093",6.5
"1937","37095",9.4
"1938","37097",4.8
"1939","37099",5.4
"1940","37101",4.6
"1941","37103",5.3
"1942","37105",5.9
"1943","37107",5.9
"1944","37109",4.6
"1945","37111",4.8
"1946","37113",5.4
"1947","37115",4.9
"1948","37117",6.7
"1949","37119",4.7
"1950","37121",6.1
"1951","37123",5.2
"1952","37125",5
"1953","37127",6.6
"1954","37129",4.7
"1955","37131",7.3
"1956","37133",5.5
"1957","37135",4.3
"1958","37137",5.3
"1959","37139",6.3
"1960","37141",5.3
"1961","37143",6.4
"1962","37145",5.5
"1963","37147",5.5
"1964","37149",4.7
"1965","37151",4.9
"1966","37153",7
"1967","37155",7.9
"1968","37157",5.6
"1969","37159",5.5
"1970","37161",6.7
"1971","37163",5.4
"1972","37165",9.2
"1973","37167",4.6
"1974","37169",4.8
"1975","37171",4.8
"1976","37173",6.1
"1977","37175",4.9
"1978","37177",8.4
"1979","37179",4.3
"1980","37181",7.2
"1981","37183",4.2
"1982","37185",7.3
"1983","37187",7.4
"1984","37189",4.5
"1985","37191",5.8
"1986","37193",4.8
"1987","37195",8.1
"1988","37197",4.4
"1989","37199",5.2
"1990","38001",2.7
"1991","38003",3.3
"1992","38005",4.1
"1993","38007",3.2
"1994","38009",4.8
"1995","38011",2.2
"1996","38013",4.9
"1997","38015",2.6
"1998","38017",2.3
"1999","38019",2.7
"2000","38021",2
"2001","38023",2.7
"2002","38025",3.1
"2003","38027",4.5
"2004","38029",4.5
"2005","38031",3.1
"2006","38033",2.8
"2007","38035",2.4
"2008","38037",3.2
"2009","38039",3
"2010","38041",3.1
"2011","38043",3.9
"2012","38045",2.5
"2013","38047",3.5
"2014","38049",5.1
"2015","38051",3.2
"2016","38053",3.8
"2017","38055",3.6
"2018","38057",4.6
"2019","38059",3.3
"2020","38061",3.1
"2021","38063",3.5
"2022","38065",5.4
"2023","38067",5.1
"2024","38069",4.1
"2025","38071",2.9
"2026","38073",2.3
"2027","38075",4.1
"2028","38077",2.8
"2029","38079",11
"2030","38081",2
"2031","38083",5.8
"2032","38085",4.4
"2033","38087",2.5
"2034","38089",4
"2035","38091",2.2
"2036","38093",2.5
"2037","38095",2.3
"2038","38097",2.9
"2039","38099",3.9
"2040","38101",4.2
"2041","38103",4
"2042","38105",4.4
"2043","39001",7.5
"2044","39003",5
"2045","39005",5
"2046","39007",6
"2047","39009",6.2
"2048","39011",3.7
"2049","39013",7.4
"2050","39015",5.7
"2051","39017",4.4
"2052","39019",6.8
"2053","39021",4.5
"2054","39023",5.2
"2055","39025",4.4
"2056","39027",5.8
"2057","39029",6.6
"2058","39031",7
"2059","39033",6
"2060","39035",5.4
"2061","39037",4.1
"2062","39039",4.8
"2063","39041",3.5
"2064","39043",5.5
"2065","39045",4.2
"2066","39047",4.4
"2067","39049",4
"2068","39051",4.6
"2069","39053",6.7
"2070","39055",4.4
"2071","39057",4.3
"2072","39059",7
"2073","39061",4.3
"2074","39063",3.6
"2075","39065",5
"2076","39067",7.5
"2077","39069",5.3
"2078","39071",6.3
"2079","39073",5.4
"2080","39075",3.5
"2081","39077",6.5
"2082","39079",7.8
"2083","39081",8.3
"2084","39083",4.5
"2085","39085",4.8
"2086","39087",6.4
"2087","39089",4.3
"2088","39091",4.2
"2089","39093",5.9
"2090","39095",5.1
"2091","39097",3.8
"2092","39099",6.3
"2093","39101",5
"2094","39103",4.3
"2095","39105",8.3
"2096","39107",3.2
"2097","39109",4.3
"2098","39111",11.1
"2099","39113",4.8
"2100","39115",8.1
"2101","39117",4.9
"2102","39119",6
"2103","39121",8.6
"2104","39123",6.4
"2105","39125",4.6
"2106","39127",6.2
"2107","39129",4.7
"2108","39131",7.4
"2109","39133",5
"2110","39135",4.7
"2111","39137",3.6
"2112","39139",5.5
"2113","39141",5.5
"2114","39143",4.7
"2115","39145",7.6
"2116","39147",4.8
"2117","39149",4.1
"2118","39151",5.4
"2119","39153",5
"2120","39155",6.7
"2121","39157",5.7
"2122","39159",3.8
"2123","39161",4
"2124","39163",7
"2125","39165",4.1
"2126","39167",6.9
"2127","39169",3.9
"2128","39171",4.4
"2129","39173",4.1
"2130","39175",3.7
"2131","40001",6
"2132","40003",3.4
"2133","40005",6.7
"2134","40007",3.2
"2135","40009",7.5
"2136","40011",3.8
"2137","40013",4.4
"2138","40015",5.4
"2139","40017",4
"2140","40019",5.2
"2141","40021",5.6
"2142","40023",7.8
"2143","40025",2.5
"2144","40027",3.9
"2145","40029",7.5
"2146","40031",4.7
"2147","40033",4.9
"2148","40035",4.9
"2149","40037",5.9
"2150","40039",4.7
"2151","40041",5
"2152","40043",4.1
"2153","40045",3.9
"2154","40047",4.3
"2155","40049",5.4
"2156","40051",5
"2157","40053",3.3
"2158","40055",7.5
"2159","40057",3.9
"2160","40059",3.9
"2161","40061",8.4
"2162","40063",7.5
"2163","40065",4.5
"2164","40067",7.2
"2165","40069",5.9
"2166","40071",6.4
"2167","40073",3.4
"2168","40075",5.4
"2169","40077",8.8
"2170","40079",7
"2171","40081",5.3
"2172","40083",4.1
"2173","40085",3.2
"2174","40087",4.2
"2175","40089",7.2
"2176","40091",9
"2177","40093",4.2
"2178","40095",5.1
"2179","40097",5.2
"2180","40099",4.5
"2181","40101",5.5
"2182","40103",3.7
"2183","40105",6.2
"2184","40107",6.2
"2185","40109",4.3
"2186","40111",7.2
"2187","40113",5.8
"2188","40115",5.1
"2189","40117",6.7
"2190","40119",3.8
"2191","40121",6.3
"2192","40123",4.1
"2193","40125",4.7
"2194","40127",7.6
"2195","40129",5.2
"2196","40131",5.1
"2197","40133",7.1
"2198","40135",6.3
"2199","40137",9.7
"2200","40139",3.5
"2201","40141",4.5
"2202","40143",4.7
"2203","40145",4.8
"2204","40147",4.9
"2205","40149",7.2
"2206","40151",3.3
"2207","40153",6.3
"2208","41001",6.4
"2209","41003",3.9
"2210","41005",4.4
"2211","41007",4.8
"2212","41009",6.2
"2213","41011",6.5
"2214","41013",7
"2215","41015",6.9
"2216","41017",4.9
"2217","41019",6.4
"2218","41021",5.9
"2219","41023",7.8
"2220","41025",6.3
"2221","41027",4.2
"2222","41029",5.8
"2223","41031",6.7
"2224","41033",6.6
"2225","41035",6.9
"2226","41037",6.4
"2227","41039",5.1
"2228","41041",5.7
"2229","41043",5.8
"2230","41045",5.6
"2231","41047",5.1
"2232","41049",5
"2233","41051",4.3
"2234","41053",5.1
"2235","41055",4.6
"2236","41057",5
"2237","41059",5.4
"2238","41061",5.9
"2239","41063",6.7
"2240","41065",4.9
"2241","41067",4.2
"2242","41069",4.3
"2243","41071",4.7
"2244","42001",4
"2245","42003",5.2
"2246","42005",7.6
"2247","42007",6.3
"2248","42009",5.9
"2249","42011",5
"2250","42013",5.3
"2251","42015",6.6
"2252","42017",4.6
"2253","42019",5.1
"2254","42021",6.9
"2255","42023",7.5
"2256","42025",6
"2257","42027",4.2
"2258","42029",3.9
"2259","42031",6.4
"2260","42033",7.4
"2261","42035",7.1
"2262","42037",5.6
"2263","42039",6
"2264","42041",4.1
"2265","42043",4.8
"2266","42045",4.9
"2267","42047",5.6
"2268","42049",6.6
"2269","42051",8.2
"2270","42053",8
"2271","42055",5.2
"2272","42057",6.4
"2273","42059",7.8
"2274","42061",7.1
"2275","42063",7.3
"2276","42065",6.9
"2277","42067",5.4
"2278","42069",5.7
"2279","42071",4.2
"2280","42073",6.8
"2281","42075",4.5
"2282","42077",5.4
"2283","42079",6.4
"2284","42081",6.7
"2285","42083",6.7
"2286","42085",6
"2287","42087",5.8
"2288","42089",6.3
"2289","42091",4.2
"2290","42093",4.3
"2291","42095",5.2
"2292","42097",6.3
"2293","42099",4.7
"2294","42101",6.8
"2295","42103",6.4
"2296","42105",7.9
"2297","42107",6.2
"2298","42109",4.7
"2299","42111",7.3
"2300","42113",7.2
"2301","42115",5.7
"2302","42117",7.2
"2303","42119",4.8
"2304","42121",7.3
"2305","42123",5.5
"2306","42125",6.2
"2307","42127",5.9
"2308","42129",5.9
"2309","42131",6.2
"2310","42133",4.7
"2311","44001",4.6
"2312","44003",4.8
"2313","44005",4.7
"2314","44007",5.7
"2315","44009",4.8
"2316","45001",5.3
"2317","45003",4.8
"2318","45005",8.5
"2319","45007",4.4
"2320","45009",9
"2321","45011",7
"2322","45013",4.6
"2323","45015",4.4
"2324","45017",6
"2325","45019",3.9
"2326","45021",5.7
"2327","45023",6.9
"2328","45025",4.8
"2329","45027",6.3
"2330","45029",5.4
"2331","45031",6
"2332","45033",6.6
"2333","45035",4.4
"2334","45037",5.5
"2335","45039",7
"2336","45041",5.1
"2337","45043",6.5
"2338","45045",4.1
"2339","45047",5
"2340","45049",5.7
"2341","45051",5.6
"2342","45053",4.2
"2343","45055",5.1
"2344","45057",5.2
"2345","45059",5
"2346","45061",6.9
"2347","45063",4
"2348","45065",5.5
"2349","45067",8.4
"2350","45069",8.2
"2351","45071",4.4
"2352","45073",5
"2353","45075",8.6
"2354","45077",4.8
"2355","45079",4.7
"2356","45081",4.4
"2357","45083",4.6
"2358","45085",5.7
"2359","45087",6
"2360","45089",7.5
"2361","45091",4.5
"2362","46003",2.1
"2363","46005",2.5
"2364","46007",3.7
"2365","46009",2.6
"2366","46011",2.6
"2367","46013",2.5
"2368","46015",2.4
"2369","46017",7.9
"2370","46019",3.2
"2371","46021",2.8
"2372","46023",3
"2373","46025",3.7
"2374","46027",2.8
"2375","46029",2.9
"2376","46031",4.2
"2377","46033",3.8
"2378","46035",2.3
"2379","46037",4.1
"2380","46039",4.6
"2381","46041",8.5
"2382","46043",2.4
"2383","46045",2.2
"2384","46047",4.2
"2385","46049",2.5
"2386","46051",3.1
"2387","46053",2.9
"2388","46055",2.3
"2389","46057",3.2
"2390","46059",2
"2391","46061",3.2
"2392","46063",2.7
"2393","46065",2.2
"2394","46067",2.4
"2395","46069",2.5
"2396","46071",3.9
"2397","46073",2.2
"2398","46075",2.3
"2399","46077",2.5
"2400","46079",3.2
"2401","46081",3.1
"2402","46083",2
"2403","46085",4.5
"2404","46087",2.3
"2405","46089",3.3
"2406","46091",3.6
"2407","46093",3
"2408","46095",3.9
"2409","46097",2.5
"2410","46099",2.4
"2411","46101",3.4
"2412","46102",10
"2413","46103",2.9
"2414","46105",2.8
"2415","46107",2.6
"2416","46109",3.9
"2417","46111",2.8
"2418","46115",2.9
"2419","46117",2.2
"2420","46119",2.2
"2421","46121",6.1
"2422","46123",2.1
"2423","46125",2.7
"2424","46127",2.9
"2425","46129",4.8
"2426","46135",2.4
"2427","46137",4.2
"2428","47001",5
"2429","47003",5.1
"2430","47005",7.3
"2431","47007",7.1
"2432","47009",4.5
"2433","47011",4.5
"2434","47013",7
"2435","47015",4.7
"2436","47017",6.8
"2437","47019",5.7
"2438","47021",4
"2439","47023",5.1
"2440","47025",6.3
"2441","47027",6.7
"2442","47029",6.5
"2443","47031",4.8
"2444","47033",5.3
"2445","47035",6
"2446","47037",3.6
"2447","47039",7
"2448","47041",5.7
"2449","47043",4.4
"2450","47045",6.3
"2451","47047",5.2
"2452","47049",6.3
"2453","47051",5
"2454","47053",6
"2455","47055",4.1
"2456","47057",5.5
"2457","47059",5.5
"2458","47061",6.7
"2459","47063",5.2
"2460","47065",4.7
"2461","47067",8
"2462","47069",6.3
"2463","47071",6.1
"2464","47073",5.5
"2465","47075",6.6
"2466","47077",7
"2467","47079",5.9
"2468","47081",4.6
"2469","47083",7.7
"2470","47085",6.1
"2471","47087",7.2
"2472","47089",5.4
"2473","47091",4.9
"2474","47093",4.1
"2475","47095",7.9
"2476","47097",7.8
"2477","47099",5.8
"2478","47101",6.1
"2479","47103",4.2
"2480","47105",4.8
"2481","47107",5.5
"2482","47109",7.1
"2483","47111",4.4
"2484","47113",5
"2485","47115",6.4
"2486","47117",4.6
"2487","47119",4.1
"2488","47121",6.9
"2489","47123",5.4
"2490","47125",5.2
"2491","47127",3.9
"2492","47129",6.6
"2493","47131",7.2
"2494","47133",5.5
"2495","47135",6.5
"2496","47137",6.7
"2497","47139",5.8
"2498","47141",5
"2499","47143",7.4
"2500","47145",5.6
"2501","47147",4.2
"2502","47149",3.8
"2503","47151",7.6
"2504","47153",5.9
"2505","47155",5
"2506","47157",5.5
"2507","47159",4.6
"2508","47161",7
"2509","47163",5.3
"2510","47165",3.9
"2511","47167",5.8
"2512","47169",4.9
"2513","47171",7.2
"2514","47173",5.8
"2515","47175",6.3
"2516","47177",4.9
"2517","47179",4.9
"2518","47181",6.7
"2519","47183",6.1
"2520","47185",5.1
"2521","47187",3.5
"2522","47189",3.9
"2523","48001",4.3
"2524","48003",4.8
"2525","48005",6
"2526","48007",5.7
"2527","48009",4.4
"2528","48011",2.8
"2529","48013",5.3
"2530","48015",5.3
"2531","48017",4.4
"2532","48019",4.1
"2533","48021",3.7
"2534","48023",3.6
"2535","48025",7.7
"2536","48027",4.4
"2537","48029",3.7
"2538","48031",3.1
"2539","48033",3.6
"2540","48035",4.3
"2541","48037",4.7
"2542","48039",5.2
"2543","48041",3.4
"2544","48043",3.8
"2545","48045",4.4
"2546","48047",11.9
"2547","48049",4.4
"2548","48051",4.7
"2549","48053",3.5
"2550","48055",4.3
"2551","48057",5.6
"2552","48059",4.3
"2553","48061",7.2
"2554","48063",6.8
"2555","48065",3.4
"2556","48067",7.3
"2557","48069",3.1
"2558","48071",6.1
"2559","48073",5.2
"2560","48075",3.1
"2561","48077",4.5
"2562","48079",5.6
"2563","48081",4.1
"2564","48083",5.9
"2565","48085",3.5
"2566","48087",3.5
"2567","48089",4.8
"2568","48091",3.6
"2569","48093",4.3
"2570","48095",3.6
"2571","48097",4
"2572","48099",4.5
"2573","48101",5.4
"2574","48103",8.5
"2575","48105",7.6
"2576","48107",4.4
"2577","48109",3.8
"2578","48111",2.3
"2579","48113",4
"2580","48115",5.1
"2581","48117",3.1
"2582","48119",4
"2583","48121",3.4
"2584","48123",5.6
"2585","48125",5.1
"2586","48127",7.2
"2587","48129",4.3
"2588","48131",11.1
"2589","48133",5.5
"2590","48135",6.4
"2591","48137",4.9
"2592","48139",3.8
"2593","48141",4.9
"2594","48143",4.1
"2595","48145",4.5
"2596","48147",3.8
"2597","48149",3.7
"2598","48151",4.4
"2599","48153",5.2
"2600","48155",3.9
"2601","48157",5
"2602","48159",5
"2603","48161",6.9
"2604","48163",5
"2605","48165",3.7
"2606","48167",5.3
"2607","48169",3.9
"2608","48171",2.8
"2609","48173",3.8
"2610","48175",5.8
"2611","48177",4.3
"2612","48179",7
"2613","48181",3.8
"2614","48183",6.1
"2615","48185",6.7
"2616","48187",3.6
"2617","48189",5.7
"2618","48191",7.1
"2619","48193",4.9
"2620","48195",3.1
"2621","48197",3.9
"2622","48199",6.1
"2623","48201",5.3
"2624","48203",6.1
"2625","48205",2.2
"2626","48207",4.4
"2627","48209",3.3
"2628","48211",3.8
"2629","48213",4.7
"2630","48215",7.8
"2631","48217",4.5
"2632","48219",4.7
"2633","48221",4.7
"2634","48223",4
"2635","48225",4.5
"2636","48227",5.6
"2637","48229",6.7
"2638","48231",4.3
"2639","48233",5.6
"2640","48235",3.2
"2641","48237",4.9
"2642","48239",4.8
"2643","48241",7.8
"2644","48243",2.9
"2645","48245",7
"2646","48247",9.6
"2647","48249",10.7
"2648","48251",4.3
"2649","48253",5.9
"2650","48255",4.9
"2651","48257",3.8
"2652","48259",3.2
"2653","48261",5.2
"2654","48263",3
"2655","48265",3.6
"2656","48267",3.9
"2657","48269",4
"2658","48271",6
"2659","48273",6.9
"2660","48275",4.4
"2661","48277",4.6
"2662","48279",6.6
"2663","48281",4.1
"2664","48283",5.2
"2665","48285",4.3
"2666","48287",3.8
"2667","48289",6.6
"2668","48291",7.6
"2669","48293",5.7
"2670","48295",4.6
"2671","48297",6
"2672","48299",4.1
"2673","48301",4.3
"2674","48303",3.4
"2675","48305",4
"2676","48307",4.6
"2677","48309",4
"2678","48311",2.2
"2679","48313",5.1
"2680","48315",7.1
"2681","48317",4.4
"2682","48319",3.7
"2683","48321",7.4
"2684","48323",11.3
"2685","48325",4.4
"2686","48327",4.6
"2687","48329",4.4
"2688","48331",5.2
"2689","48333",4.2
"2690","48335",7.2
"2691","48337",5
"2692","48339",4.9
"2693","48341",3
"2694","48343",11
"2695","48345",3.7
"2696","48347",4.7
"2697","48349",4.2
"2698","48351",8.1
"2699","48353",4.9
"2700","48355",5.7
"2701","48357",5.4
"2702","48359",3
"2703","48361",6.8
"2704","48363",5.6
"2705","48365",7.4
"2706","48367",4.1
"2707","48369",2.5
"2708","48371",5.9
"2709","48373",6.3
"2710","48375",3.3
"2711","48377",10.7
"2712","48379",4
"2713","48381",3
"2714","48383",6.6
"2715","48385",5.7
"2716","48387",5.9
"2717","48389",5.6
"2718","48391",6.8
"2719","48393",4.7
"2720","48395",5
"2721","48397",3.5
"2722","48399",4.1
"2723","48401",5.8
"2724","48403",9.6
"2725","48405",9.1
"2726","48407",6.3
"2727","48409",7.6
"2728","48411",3.4
"2729","48413",5.7
"2730","48415",5.9
"2731","48417",3.9
"2732","48419",6
"2733","48421",2.9
"2734","48423",4.5
"2735","48425",4.7
"2736","48427",13.6
"2737","48429",5.3
"2738","48431",4.2
"2739","48433",4.6
"2740","48435",8
"2741","48437",4.3
"2742","48439",3.9
"2743","48441",3.7
"2744","48443",4.1
"2745","48445",4.9
"2746","48447",3.7
"2747","48449",6.2
"2748","48451",4.5
"2749","48453",3.1
"2750","48455",6.3
"2751","48457",7.6
"2752","48459",6.5
"2753","48461",5.4
"2754","48463",5.3
"2755","48465",6.3
"2756","48467",4.3
"2757","48469",5.4
"2758","48471",5.3
"2759","48473",5.7
"2760","48475",5.8
"2761","48477",5.1
"2762","48479",4.9
"2763","48481",5
"2764","48483",5
"2765","48485",4.4
"2766","48487",4.8
"2767","48489",12.4
"2768","48491",3.3
"2769","48493",3.9
"2770","48495",7.9
"2771","48497",4.8
"2772","48499",5.3
"2773","48501",4.7
"2774","48503",4.4
"2775","48505",11
"2776","48507",14.1
"2777","49001",5
"2778","49003",3.5
"2779","49005",3.1
"2780","49007",5.9
"2781","49009",4.9
"2782","49011",3.1
"2783","49013",8.9
"2784","49015",6.3
"2785","49017",8.4
"2786","49019",5.8
"2787","49021",4.3
"2788","49023",3.6
"2789","49025",3.8
"2790","49027",3.3
"2791","49029",3
"2792","49031",6
"2793","49033",3.2
"2794","49035",3.2
"2795","49037",8
"2796","49039",3.9
"2797","49041",4.4
"2798","49043",3.1
"2799","49045",3.8
"2800","49047",9.3
"2801","49049",3
"2802","49051",3.3
"2803","49053",3.7
"2804","49055",7.7
"2805","49057",3.8
"2806","50001",3.1
"2807","50003",3.8
"2808","50005",4.1
"2809","50007",2.5
"2810","50009",5.9
"2811","50011",3.2
"2812","50013",4
"2813","50015",4.3
"2814","50017",3.1
"2815","50019",5.2
"2816","50021",3.9
"2817","50023",3.2
"2818","50025",3.3
"2819","50027",2.9
"2820","51001",4.8
"2821","51003",3.5
"2822","51005",5.1
"2823","51007",4.2
"2824","51009",4.3
"2825","51011",4.6
"2826","51013",2.6
"2827","51015",3.6
"2828","51017",3.7
"2829","51019",4.1
"2830","51021",5.2
"2831","51023",3.6
"2832","51025",6
"2833","51027",10.8
"2834","51029",5.3
"2835","51031",4.4
"2836","51033",4.4
"2837","51035",5.1
"2838","51036",4.5
"2839","51037",5
"2840","51041",3.8
"2841","51043",3.5
"2842","51045",4.7
"2843","51047",3.8
"2844","51049",4.6
"2845","51051",9.9
"2846","51053",4.8
"2847","51057",4.8
"2848","51059",3.2
"2849","51061",3.4
"2850","51063",4
"2851","51065",3.3
"2852","51067",4.3
"2853","51069",3.5
"2854","51071",5.3
"2855","51073",3.7
"2856","51075",3.7
"2857","51077",5.2
"2858","51079",3.2
"2859","51081",5.1
"2860","51083",5.8
"2861","51085",3.5
"2862","51087",3.8
"2863","51089",5.6
"2864","51091",3.2
"2865","51093",4.3
"2866","51095",3.9
"2867","51097",4.2
"2868","51099",4.2
"2869","51101",3.7
"2870","51103",5.6
"2871","51105",6.8
"2872","51107",3.2
"2873","51109",3.8
"2874","51111",4.6
"2875","51113",3.1
"2876","51115",4
"2877","51117",5.6
"2878","51119",3.8
"2879","51121",4
"2880","51125",3.6
"2881","51127",3.4
"2882","51131",5.7
"2883","51133",5.4
"2884","51135",3.9
"2885","51137",4
"2886","51139",5.6
"2887","51141",4.8
"2888","51143",4.7
"2889","51145",3.5
"2890","51147",5.3
"2891","51149",4.8
"2892","51153",3.6
"2893","51155",5.8
"2894","51157",3.5
"2895","51159",3.7
"2896","51161",3.5
"2897","51163",4.4
"2898","51165",3.5
"2899","51167",6.5
"2900","51169",4.8
"2901","51171",3.7
"2902","51173",5.8
"2903","51175",3.9
"2904","51177",4.1
"2905","51179",3.9
"2906","51181",5.3
"2907","51183",6.1
"2908","51185",7.5
"2909","51187",4
"2910","51191",4.5
"2911","51193",4.6
"2912","51195",8.5
"2913","51197",5.7
"2914","51199",3.9
"2915","51510",2.9
"2916","51520",5.1
"2917","51530",5.1
"2918","51540",3.3
"2919","51550",4.3
"2920","51570",4.4
"2921","51580",5.8
"2922","51590",6
"2923","51595",6.5
"2924","51600",3
"2925","51610",2.7
"2926","51620",5.9
"2927","51630",4.7
"2928","51640",5
"2929","51650",5.6
"2930","51660",4.7
"2931","51670",6.5
"2932","51678",6.3
"2933","51680",5.2
"2934","51683",3.6
"2935","51685",3.5
"2936","51690",7.1
"2937","51700",5.1
"2938","51710",5.2
"2939","51720",6.8
"2940","51730",7.6
"2941","51735",3.5
"2942","51740",6.1
"2943","51750",5.4
"2944","51760",4.6
"2945","51770",4.3
"2946","51775",3.9
"2947","51790",3.9
"2948","51800",4.7
"2949","51810",3.9
"2950","51820",4.1
"2951","51830",5.6
"2952","51840",3.9
"2953","53001",6.8
"2954","53003",5.1
"2955","53005",6.5
"2956","53007",5.9
"2957","53009",7.9
"2958","53011",6.3
"2959","53013",6.8
"2960","53015",7.5
"2961","53017",7.1
"2962","53019",10.8
"2963","53021",7.6
"2964","53023",6
"2965","53025",7.4
"2966","53027",8.7
"2967","53029",6
"2968","53031",7.3
"2969","53033",3.9
"2970","53035",5.8
"2971","53037",6
"2972","53039",7.1
"2973","53041",8.1
"2974","53043",5.7
"2975","53045",7.8
"2976","53047",6.9
"2977","53049",8.3
"2978","53051",9.1
"2979","53053",6.3
"2980","53055",4.8
"2981","53057",6.8
"2982","53059",7.2
"2983","53061",4.4
"2984","53063",6.3
"2985","53065",8.6
"2986","53067",5.8
"2987","53069",9
"2988","53071",5.6
"2989","53073",6
"2990","53075",5.1
"2991","53077",8
"2992","54001",6.7
"2993","54003",3.8
"2994","54005",8.9
"2995","54007",8.6
"2996","54009",6.9
"2997","54011",4.7
"2998","54013",12.6
"2999","54015",10.2
"3000","54017",4.9
"3001","54019",7.9
"3002","54021",8.2
"3003","54023",5.8
"3004","54025",5.3
"3005","54027",4.2
"3006","54029",6.9
"3007","54031",5.6
"3008","54033",5.8
"3009","54035",6.4
"3010","54037",3.3
"3011","54039",5.4
"3012","54041",8.4
"3013","54043",8.4
"3014","54045",10.1
"3015","54047",12.1
"3016","54049",6.4
"3017","54051",7.9
"3018","54053",7.1
"3019","54055",6.5
"3020","54057",5.9
"3021","54059",12.5
"3022","54061",4.3
"3023","54063",4.5
"3024","54065",4.3
"3025","54067",8.8
"3026","54069",5.5
"3027","54071",3.9
"3028","54073",8.1
"3029","54075",6.6
"3030","54077",5.6
"3031","54079",4.8
"3032","54081",6.9
"3033","54083",5.9
"3034","54085",6.5
"3035","54087",10.1
"3036","54089",6.1
"3037","54091",5.5
"3038","54093",5.3
"3039","54095",8.7
"3040","54097",7.4
"3041","54099",6.5
"3042","54101",8.3
"3043","54103",9.2
"3044","54105",8.7
"3045","54107",5.7
"3046","54109",10.1
"3047","55001",6.2
"3048","55003",5.6
"3049","55005",4.7
"3050","55007",7.1
"3051","55009",3.7
"3052","55011",4.6
"3053","55013",6.2
"3054","55015",3.3
"3055","55017",4.4
"3056","55019",4
"3057","55021",3.7
"3058","55023",5
"3059","55025",2.9
"3060","55027",3.8
"3061","55029",5.1
"3062","55031",5.5
"3063","55033",4.2
"3064","55035",3.5
"3065","55037",6.2
"3066","55039",3.6
"3067","55041",6.4
"3068","55043",4.1
"3069","55045",3.4
"3070","55047",5
"3071","55049",3.6
"3072","55051",7.7
"3073","55053",4.5
"3074","55055",4
"3075","55057",4.6
"3076","55059",4.8
"3077","55061",3.8
"3078","55063",3.7
"3079","55065",3.3
"3080","55067",5.3
"3081","55069",4.5
"3082","55071",4.5
"3083","55073",3.7
"3084","55075",5.6
"3085","55077",5.2
"3086","55078",7.8
"3087","55079",5.1
"3088","55081",4
"3089","55083",4.6
"3090","55085",5
"3091","55087",3.6
"3092","55089",3.5
"3093","55091",3.9
"3094","55093",4.2
"3095","55095",4.7
"3096","55097",3.9
"3097","55099",4.4
"3098","55101",5.1
"3099","55103",3.8
"3100","55105",4.6
"3101","55107",5.3
"3102","55109",3.9
"3103","55111",3.7
"3104","55113",6.5
"3105","55115",4.3
"3106","55117",3.5
"3107","55119",4.3
"3108","55121",3.8
"3109","55123",3.7
"3110","55125",5.8
"3111","55127",4.1
"3112","55129",5.2
"3113","55131",3.5
"3114","55133",3.6
"3115","55135",4.1
"3116","55137",5.2
"3117","55139",3.7
"3118","55141",5
"3119","56001",3.2
"3120","56003",4.9
"3121","56005",7.1
"3122","56007",4.6
"3123","56009",6.2
"3124","56011",4.5
"3125","56013",7.1
"3126","56015",3.4
"3127","56017",4.8
"3128","56019",5.3
"3129","56021",4.1
"3130","56023",4.6
"3131","56025",7.1
"3132","56027",3.2
"3133","56029",4.7
"3134","56031",4.8
"3135","56033",4.6
"3136","56035",6.4
"3137","56037",6
"3138","56039",3.4
"3139","56041",5.8
"3140","56043",4.7
"3141","56045",4.9
"3142","72001",16.9
"3143","72003",14
"3144","72005",14.8
"3145","72007",14.3
"3146","72009",15
"3147","72011",12.9
"3148","72013",13.2
"3149","72015",18.4
"3150","72017",14.2
"3151","72019",13
"3152","72021",8.9
"3153","72023",12.5
"3154","72025",10.3
"3155","72027",12.4
"3156","72029",11.6
"3157","72031",8.6
"3158","72033",10
"3159","72035",10.7
"3160","72037",13
"3161","72039",16.2
"3162","72041",10.3
"3163","72043",18.2
"3164","72045",13.7
"3165","72047",12.4
"3166","72049",3.3
"3167","72051",8
"3168","72053",13.7
"3169","72054",14.5
"3170","72055",18.2
"3171","72057",16.4
"3172","72059",18.7
"3173","72061",6
"3174","72063",8.6
"3175","72065",15.6
"3176","72067",12.3
"3177","72069",14.1
"3178","72071",14.1
"3179","72073",13.1
"3180","72075",14.7
"3181","72077",13.3
"3182","72079",18.5
"3183","72081",19.2
"3184","72083",14.9
"3185","72085",13.6
"3186","72087",11.4
"3187","72089",14.2
"3188","72091",11.6
"3189","72093",15.2
"3190","72095",18.5
"3191","72097",13.7
"3192","72099",15.5
"3193","72101",13.5
"3194","72103",12.4
"3195","72105",13
"3196","72107",15.5
"3197","72109",20.6
"3198","72111",16.6
"3199","72113",13.4
"3200","72115",16
"3201","72117",15.7
"3202","72119",10.5
"3203","72121",15.9
"3204","72123",21.7
"3205","72125",15.1
"3206","72127",7.9
"3207","72129",12.6
"3208","72131",18.9
"3209","72133",16.8
"3210","72135",8.4
"3211","72137",8.9
"3212","72139",7.2
"3213","72141",15.5
"3214","72143",11.6
"3215","72145",13.9
"3216","72147",10.6
"3217","72149",20.2
"3218","72151",16.9
"3219","72153",18.8
